This file contains a list of Squid contributors: people and organizations that
have volunteered their time, effort, code, and ideas to make Squid software.
Thank you!

    Adam Ciarcinski
    Adrian Chadd <adrian@squid-cache.org>
    Aecio F. <aecioneto@gmail.com>
    Alan Mizrahi <alan@mizrahi.com.ve>
    Alan Nastac <mrness@gentoo.org>
    Aleksa <susulic@gmail.com>
    Aleksa ??u??uli?? <susulic@gmail.com>
    Alexander B. Demenshin <aldem@barnet.kharkov.ua>
    Alexander Gozman <a.gozman@securitycode.ru>
    Alexander Gozman <goal81@gmail.com>
    Alexander Komyagin <komyagin@altell.ru>
    Alexander Lukyanov <lav@netis.ru>
    Alexander Lukyanov <lav@yar.ru>
    Alexandre Chappaz <alexandrechappaz@gmail.com>
    Alexandre SIMON <alexandre.simon@ciril.fr>
    Alex Dowad <alexinbeijing@gmail.com>
    Alexey Veselovsky <alexey.veselovsky@eykontech.com>
    Alexis Robert <alexis.robert@gmail.com>
    Alex Rousskov <rousskov@measurement-factory.com>
    Alex Rousskov <rousskov@squid-cache.org>
    Alex Wu <alex_wu2012@hotmail.com>
    Alin Nastac <mrness@gentoo.org>
    Alter <alter@alter.org.ua>
    Amos Jeffries
    Amos Jeffries <amosjeffries@squid-cache.org>
    Amos Jeffries <squid3@treenet.co.nz>
    Amos Jeffries <yadij@users.noreply.github.com>
    Amos <squid3@treenet.co.nz>
    Anatoli <me@anatoli.ws>
    Andrea Gagliardi <andrea@netlite.it>
    Andre Albsmeier <Andre.Albsmeier@siemens.com>
    Andreas Jaeger <aj@suse.com>
    Andreas Lamprecht <Andreas.Lamprecht@siemens.at>
    Andreas Weigel <andreas.weigel@securepoint.de>
    Andres Kroonmaa <andre@ml.ee>
    Andrew Balabohin
    Andrew Beverley <andy@andybev.com>
    Andrew Doran <ad@interlude.eu.org>
    Andrew Evdokimov <ae@elahi.ru>
    Andrew Hoying <andrew_hoying@blm.gov>
    Andrew Tridgell
    Andrey <rybakovandrey85@gmail.com>
    Andrey Shorin <tolsty@tushino.com>
    Anonymous <bigparrot@pirateperfection.com>
    Anonymous Pootle User
    Anonymous <redskilldough@gmail.com>
    Ansgar Hockmann <Ansgar.Hockmann@hrz.uni-dortmund.de>
    Anthony Baxter <arb@connect.com.au>
    Antonino Iannella
    Arjan de Vet <Arjan.deVet@adv.IAEhv.nl>
    Arjan de Vet <Arjan.deVet@adv.iae.nl>
    Arkin <arkin.yang@gmail.com>
    Arno Streuli <astreuli@gmail.com>
    Arthur <arthur@psw.ro>
    Arthur <arthurtumanyan@yahoo.com>
    Arthur Tumanyan <arthurtumanyan@yahoo.com>
    Assar Westerlund <assar@pdc.kth.se>
    Automatic source maintenance <squidadm@squid-cache.org>
    Axel Westerhold <ml.awesterhold@dts.de>
    Aymeric Vincent <aymericvincent@free.fr>
    Barry Dobyns <barry@dobyns.com>
    Benjamin Kerensa <bkerensa@ubuntu.com>
    Benno Rice <benno@jeamland.net>
    Benno Rice <benno@squid-cache.org>
    Bernard <fli4l.charrier@free.fr>
    Bertrand Jacquin <beber@meleeweb.net>
    Bill Welliver
    Bojan Smojver <bojan@rexursive.com>
    Brad Smith <brad@comstyle.com>
    Bratislav <batailic@gmail.com>
    Brian Degenhardt <bmd@mp3.com>
    Brian Denehy <B-Denehy@adfa.oz.au>
    Brian <hiryuu@envisiongames.net>
    Bruce Murphy <pack-squid@rattus.net>
    Carson Gaspar (carson@lehman.com, carson@cs.columbia.edu)
    Carsten Grzemba <cgrzemba@opencsw.org>
    Cephas <squidwin@gmail.com>
    Chad E. Naugle <chad.naugle@travimp.com>
    Chad Naugle <chad.naugle@travimp.com>
    Changming <me@sunchangming.com>
    Chao <chao_83@126.com>
    Chris Addie <chris.addie@datacom.com.au>
    Chris Hills <chaz@chaz6.com>
    Christian Wittmer <chris@computersalat.de>
    Christopher Kerr
    Christophe Saout <christophe@saout.de>
    Christoph Lechleitner <lech@ibcl.at>
    Christos Tsantilas <christos@chtsanti.net>
    Christos Tsantilas <chtsanti@users.sourceforge.net>
    Chudy Fernandez <chudy.fernandez@gmail.com>
    Cloyce <cloyce.spradling@sun.com>
    Clytie Siddall <clytie@riverland.net.au>
    Colin Coe <colin.coe@gmail.com>
    Constantin Rack
    Cord Beermann <cord@cc.fh-lippe.de>
    Craig Gowing <craiggowing@gmail.com>
    Daniel Beschorner <daniel.beschorner@evlks.de>
    Daniel O'Callaghan <danny@miriworld.its.unimelb.EDU.AU>
    Daniel Walter <d.walter@0x90.at>
    Dan Searle <dan@censornet.com>
    Dan Searle <dan.searle@censornet.com>
    Dave Dykstra <dwd@fnal.gov>
    David Hill <david.hill@ubisoft.com>
    David Isaacs <david.isaacs@sbhs.nsw.edu.au>
    David J N Begley
    David Luyer <david@luyer.net>
    David Luyer <luyer@ucs.uwa.edu.au>
    David Parks <davidparks21@yahoo.com>
    Declan White <declanw@is.bbc.co.uk>
    Dennis Felippa <dennis@infologika.com.br>
    Dennis Glatting
    Dhaval Varia <dhavalkvaria@gmail.com>
    Diego Woitasen <diegows@xtech.com.ar>
    Diogenes S. Jesus <splash@gmail.com>
    D Kazarov <d.y.kazarov@mail.ru>
    Dmitry Kurochkin <dmitry.kurochkin@measurement-factory.com>
    Don Hopkins <dhopkins@DonHopkins.com>
    Doug Dixon <doug.dixon@gmail.com>
    Doug Urner <dlu@bsdi.com>
    Dragutin Cirkovic <painkiller@gromnet.net>
    DrDaveD <dwdgithub@drdykstra.us>
    drserge <drserge@inbox.ru>
    Dr. Tilmann Bubeck <t.bubeck@reinform.de>
    Duane Wessels <wessels@squid-cache.org>
    Dustin J. Mitchell
    Ed Knowles <ed@fatboy.geog.unsw.edu.au>
    Eduard Bagdasaryan <dictiano@gmail.com>
    Eduard Bagdasaryan <eduard.bagdasaryan@measurement-factory.com>
    Edward Chernenko <edwardspec@gmail.com>
    Edward Moy <moy@parc.xerox.com>
    Egervary Gergely <gergely@egervary.hu>
    Eldar Akchurin <al.akchurin@googlemail.com>
    Eliezer Croitoru <eliezer@ngtech.co.il>
    Elmar Vonlanthen <Elmar.Vonlanthen@united-security-providers.ch>
    Emilio Casbas <ecasbas@unav.es>
    Emmanuel Fuste <emmanuel.fuste@thalesgroup.com>
    Endre Balint Nagy <bne@CareNet.hu>
    Eray Aslan <eraya@a21an.org>
    Eray Aslan <eray.aslan@caf.com.tr>
    Eric Stern <estern@logisense.com>
    Erik Hofman <erik.hofman@a1.nl>
    Eugene Gladchenko <eugene@donpac.ru>
    Evan Jones <ejones@uwaterloo.ca>
    Evgeni <etg@setcom.bg>
    Eygene Ryabinkin <rea@freebsd.org>
    Fabian Hugelshofer <fh@open.ch>
    fancyrabbit <fancyrabbit@gmail.com>
    Felix Meschberger <felix.meschberger@day.com>
    Feshchuk Yuriy <swopster@meta.ua>
    Finn Thain <fthain@telegraphics.com.au>
    Flavio Pescuma <flavio@marasystems.com>
    Florent <fcarli@gmail.com>
    folkert <folkert@vanheusden.com>
    Francesco Chemolli <kinkie@squid-cache.org>
    Francesco <kinkie@squid-cache.org>
    Francesco Salvestrini
    Francis Daly <francis@daoine.org>
    Francois Cami <fcami@winsoft.fr>
    Frank Balluffi
    Frank Schmirler <squid@schmirler.de>
    Frederic Bourgeois <fredbmail@free.fr>
    Fred <fred.maranhao@gmail.com>
    F Wolff <friedel@translate.org.za>
    Fyodor <fygrave@gmail.com>
    Garri Djavadyan <garryd@comnet.uz>
    Geoff Keating <Geoff.Keating@anu.edu.au>
    George Michaelson <ggm@connect.com.au>
    Georgy Salnikov <sge@nmr.nioch.nsc.ru>
    Gerard Eviston
    Gerben Wierda <Gerben_Wierda@RnA.nl>
    Gergely <mail.gery@gmail.com>
    Giancarlo Razzolini <linux-fan@onda.com.br>
    Gilles Espinasse <g.esp@free.fr>
    gkeeling <grm___k@hotmail.com>
    Glen Gibb <grg@ridley.unimelb.edu.au>
    Glenn Chisholm <glenn@ircache.net>
    Glen Newton <glen.newton@nrc.ca>
    Glenn Newton <gnewton@wapiti.cisti.nrc.ca>
    Golub Mikhail
    Gonzalo Arana <gonzalo.arana@gmail.com>
    Graham Keeling <graham@equiinet.com>
    Guido Serassio <guido.serassio@acmeconsulting.it>
    Guido Serassio <serassio@squid-cache.org>
    Gustavo Zacarias <gustavo@zacarias.com.ar>
    Guy Helmer <ghelmer@palisadesys.com>
    Hank Hampel <hh@nr-city.net>
    Hasso Tepper <hasso@estpak.ee>
    helix84 <helix84@centrum.sk>
    Henrik Nordstrom <henrik@henriknordstrom.net>
    Henrik Nordstrom <hno@squid-cache.org>
    Hide Nagaoka <hide@cc.meisei-u.ac.jp>
    HONDA Hirofumi <honda.hirofumi@nttcom.co.jp>
    huaraz <huaraz@moeller.plus.com>
    Hussam Al-Tayeb <hussam@visp.net.lb>
    Ian Castle <ian.castle@coldcomfortfarm.net>
    Ian Clark <mrrooster@gmail.com>
    Ian Turner <vectro@pipeline.com>
    Igor Vinokurov <igor@cs.ibank.ru>
    IIDA Yosiaki <y-iida@secom.co.jp>
    Ingo Schwarze
    isaac <isaacarsenal@gmail.com>
    Isnard <isnardjaquet@gmail.com>
    Ivan Larionov <xeron.oskom@gmail.com>
    Ivan Mas??r <helix84@centrum.sk>
    Jakob Bohm <jb-debbugs@wisemo.com>
    Jakub Wilk <jwilk@jwilk.net>
    James Bowe <minijb@gmail.com>
    James Brotchie <brotchie@gmail.com>
    James R Grinter <jrg@demon.net>
    Jamie Strandboge
    Jan Klemkow <j.klemkow@wemelug.de>
    Jan Niehusmann <jan@anduin.gondor.mcs.de>
    Jan Sievers <sievers@zedat.fu-berlin.de>
    Javad Kouhi <javad.kouhi@gmail.com>
    Jean-Francois Micouleau <Jean-Francois.Micouleau@utc.fr>
    Jean-Gabriel Dick <jean-gabriel.dick@curie.fr>
    Jean-Philippe Menil <jean-philippe.menil@univ-nantes.fr>
    Jeff Licquia <jlicquia@scinet.springfieldclinic.com>
    Jens-S. V?ckler <voeckler@rvs.uni-hannover.de>
    Jeremy Allison
    Jerry Murdock <jmurdock@itraktech.com>
    Jiri Skala <jaskalnik@gmail.com>
    Jiri Skala <jskala@redhat.com>
    jltallon
    Joachim Bauch <jojo@fistofbenztown.de>
    Joachim Bauch (mail@joachim-bauch.de)
    Joao Alves Neto <alves_joao@hotmail.com>
    Jochen Obalek
    Jochen Voss <voss@seehuhn.de>
    Joe Crayne <oh.hellojoe@gmail.com>
    Joe Ramey <ramey@csc.ti.com>
    Joe Ramey <ramey@jello.csc.ti.com>
    Joerg Lehrke <jlehrke@noc.de>
    Johnathan Conley <johnathan.conley@gmail.com>
    John Dilley <jad@hpl.hp.com>
    John@MCC.ac.uk
    John M Cooper <john.cooper@yourcommunications.co.uk>
    John@Pharmweb.NET
    John Saunders <johns@rd.scitec.com.au>
    John Xue <xgxjohn@gmail.com>
    Jonathan Larmour <JLarmour@origin-at.co.uk>
    Jonathan Wolfe <jonathan.wolfe@gmail.com>
    Jon Kinred
    Jon Thackray <jrmt@uk.gdscorp.com>
    Jorge Ivan Burgos Aguilar <jorgeivanburgosaguilar@gmail.com>
    Jose Luis Godoy <joseluis.godoy@correo.aeat.es>
    Jose-Marcio Martins da Cruz <Jose-Marcio.Martins@mines-paristech.fr>
    Joshua Root <jmr@macports.org>
    Joshua Root <josh+squid@root.id.au>
    JPP <jpp1@frws.com>
    Juan <jdsq12@yahoo.es>
    Juerg Michel
    Julien Pinon <jpinon@olfeo.com>
    Karl Benoit <karl.isatwork@gmail.com>
    Kieran Whitbread <k.j.whitbread@qmul.ac.uk>
    Klaubert Herr <klaubert@gmail.com>
    Klaus Singvogel <kssingvo@suse.de>
    Kolics Bertold <bertold@tohotom.vein.hu>
    Kostas Anagnostakis <kanag@csi.forth.gr>
    Lab10 <lab10@bt-anlagenbau.at>
    Laszlo Attilla Toth <panther@balabit.hu>
    Leeann Bent <lbent@cs.ucsd.edu>
    Leonardo Taccari
    Leonid Evdokimov <leon@darkk.net.ru>
    libit <sambabug.lb@gmail.com>
    Lubos Uhliarik <luhliari@redhat.com>
    Luigi Gangitano <luigi@debian.org>
    Luis Daniel Lucio Quiroz <dlucio@okay.com.mx>
    Lukas B??gelei <unknown>
    Luke Howard <lukeh@vurt.schnet.edu.au>
    Lutz Donnerhacke <lutz@iks-jena.de>
    Manu Garg <manugarg@gmail.com>
    Marcello Romani <marcello.romani@libero.it>
    Marcin Wisnicki <mwisnicki@gmail.com>
    Marco Beck <mbeck@miamod.de>
    Marcos Mello <marcosfrm@gmail.com>
    Marcos Mello <marcosfrm@users.noreply.github.com>
    Marcus Kool <marcus.kool@urlfilterdb.com>
    Marc van Selm <selm@cistron.nl>
    Marin Stavrev <mstavrev@gmail.com>
    Marios Makassikis <mmakassikis@gmail.com>
    Mark Bergsma <mark@nedworks.org>
    Mark Nottingham <mnot@pobox.com>
    Marko Cupac <marko.cupac@mimar.rs>
    Marko <mr_4u2@yahoo.com>
    Mark Treacy <mark@aone.com.au>
    Markus Gyger <mgyger@itr.ch>
    Markus Mayer <code@mmayer.net>
    Markus Moeller <huaraz@moeller.plus.com>
    Markus Moeller (markus_moeller at compuserve.com)
    Markus Rietzler <markus.rietzler@rzf.fin-nrw.de>
    Markus Stumpf <maex@Space.NET>
    Martin Hamilton <martinh@gnu.org>
    Martin Hamilton <martin@mrrl.lut.ac.uk>
    Martin Huter <mhuter@barracuda.com>
    Martin Huter <m.huter@phion.com>
    Martin Stolle <martin.stolle@ekom21.de>
    Martin von Gagern <martin.vgagern@gmx.net>
    Masashi Fujita <objectx@bandit.co.jp>
    Massimo Zito <zmax.linkedin at gmail dot com>
    Mathias Fischer <maf@open.ch>
    Matthew Morgan <atcs.matthew@gmail.com>
    Matthias Pitzl <silamael@coronamundi.de>
    Matthias "Silamael" <Silamael@coronamundi.de>
    Max Okumoto <okumoto@ucsd.edu>
    Merik Karman
    <mgd@swarm.org>
    Michael Buchau <mike@m-buchau.de>
    Michael Cunningham <m.cunningham@xpedite.com>
    Michael Lupp <mike@nemesis.saar.de>
    Michael Mansour <mic@shell.gnxs.com.au>
    Michael O'Reilly <michael@metal.iinet.net.au>
    Michael Pelletier <mikep@comshare.com>
    Michael van Elst
    Michael Weiser <michael@weiser.dinsnail.net>
    Michal Luscon <mluscon@redhat.com>
    Michele Bergonzoni <bergonz@labs.it>
    Miguel A.L. Paraz <map@iphil.net>
    Mike Groeneweg <mikeg@scorpion.murdoch.edu.au>
    Mike Mitchell <mike.mitchell@sas.com>
    Mike Mitchell <Mike.Mitchell@sas.com>
    Mikio Kishi <mkishi@104.net>
    Milen Pankov <mail@milen.pankov.eu>
    Ming Fu <mfu@watchguard.com>
    Miquel van Smoorenburg <miquels@cistron.nl>
    mkishi <mkishi@104.net>
    Moez Mahfoudh <moez.mahfoudh@imag.fr>
    Mohsen Saeedi <mohsen.saeedi@gmail.com>
    Mukaigawa Shin'ichi <shin@nff.ncl.omron.co.jp>
    Nathan Hoad <nathan@getoffmalawn.com>
    Neil Murray <neil@aone.com.au>
    nglnx - Rosetta Project
    Niall Doherty <ndoherty@eei.ericsson.se>
    Nick Rogers <ncrogers@gmail.com>
    Nikolai Gorchilov <niki@x3me.net>
    'noloader' <noloader@gmail.com>
    Ole Christensen <olechristensende@aol.de>
    Oliver Dumschat <necromot@googlemail.com>
    Oliver Hookins
    Olivier Montanuy
    Olivier W.
    OpenSolaris Project
    Oskar Pearson <oskar@is.co.za>
    Patrick Welche <prlw1@cam.ac.uk>
    Paulo Matias <matias@ufscar.br>
    Paul Z <paulz42@gmail.com>
    Pavel Timofeev
    Pavel Timofeev <timp87@gmail.com>
    Pawel Worach <pawel.worach@gmail.com>
    Pedro Lineu Orso <orso@pop.hsbcbamerindus.com.br>
    Pedro Ribeiro <pribeiro@isel.pt>
    Pete Bentley <pete@demon.net>
    Peter Hidas <peter.hidas@safeland.hu>
    Peter Payne
    Peter Pramberger <peter@pramberger.at>
    Philip Allison <philip.allison@smoothwall.net>
    Philippe Lantin <plantin@cobaltgroup.com>
    Phil Oester <kernel@linuxace.com>
    Pierangelo Masarati <ando@sys-net.it>
    Pierre LALET <pierre.lalet@cea.fr>
    Pierre-Louis Brenac <brenacp@esiee.fr>
    Pierre-Louis BRENAC <brenacp@esiee.fr>
    Poul-Henning Kamp <phk@login.dknet.dk>
    Priyanka Gupta <priyanka@icelero.com>
    Przemek Czerkas <pczerkas@mgmnet.pl>
    Rabellino Sergio (rabellino@di.unito.it)
    Rafael Martinez <rmartine@fdi.ucm.es>
    Rafael Martinez Torres <rmartine@fdi.ucm.es>
    Rafal Ramocki <maniac@sistbg.net>
    Rainer Tammer <rainer.tammer@schulergroup.com>
    Rajiv Desai <rajiv@maginatics.com>
    Ralf Wildenhues <Ralf.Wildenhues@gmx.de>
    Ralph Loader <loader@maths.ox.ac.uk>
    Ramon de Carvalho <ramondecarvalho@yahoo.com.br>
    Regardt van de Vyver <squid@vdvyver.net>
    Regents of the University of California (UCSD)
    Reinhard Posmyk <Reinhard.Posmyk@arxes.de>
    Reinhard Sojka <reinhard.sojka@parlament.gv.at>
    Rene Geile <rene.geile@t-online.de>
    Ren? Geile <rene.geile@t-online.de>
    Reuben Farrelly <reuben@reub.net>
    Richard Huveneers <richard@hekkihek.hacom.nl>
    Richard Huveneers <Richard.Huveneers@hekkihek.hacom.nl>
    Richard Sharpe
    Richard Wall <richard.wall@appliansys.com>
    Robert Collins <rbtcollins@hotmail.com>
    Robert Collins <robertc@robertcollins.net>
    Robert <Dessa@gmake.de>
    Robert Forster
    Robert Walsh <robert.walsh@bbn.com>
    Robin Elfrink <robin@a1.nl>
    Rodrigo Campos <rodrigo@geekbunker.org>
    Rodrigo Campos (rodrigo@geekbunker.org)
    Rodrigo Rubira Branco <rodrigo@kernelhacking.com>
    Rodrigo Rubira Branco <rrbranco@br.ibm.com>
    Ron Gomes <rrg@ny.ubs.com>
    R Phillips <r.phillips@uq.edu.au>
    Russell Street <r.street@auckland.ac.nz>
    Russell Vincent <vincent@ucthpx.uct.ac.za>
    Rusty Bird <rustybird@net-c.com>
    Ryan Troll <ryan+@andrew.cmu.edu>
    Rybakov Andrey <rybakovandrey85@gmail.com>
    Samba Project
    Santiago Garcia Mantinan <manty@debian.org>
    Scott James Remnant <scott@netsplit.com>
    Scott Schram <scott@schram.net>
    Sean Critica <sean.critica@gmail.com>
    Sebastian Krahmer <krahmer@suse.com>
    Sebastien Wenske <sebastien@wenske.fr>
    Sergey Merzlikin <sm@smsoft.ru>
    Sergio Rabellino <rabellino@di.unito.it>
    Shigechika Aikawa <shige@luck.imasy.or.jp>
    Silamael <Silamael@coronamundi.de>
    Simon Deziel
    SquidAdm <noc@lists.squid-cache.org>
    squidadm <squidadm@users.noreply.github.com>
    Stefan Fritsch <sf@sfritsch.de>
    Stefan Kruger <stadtkind2@gmx.de>
    Stefano Cordibella <stefano.cordibella@edalab.it>
    Stephen Baynes <sbaynes@mail.com>
    Stephen R. van den Berg <srb@cuci.nl>
    Stephen Thorne <stephen@thorne.id.au>
    Steve Bennett <S.Bennett@lancaster.ac.uk>
    Steve Hill <steve@opendium.com>
    Steven Lawrance <squid@moonlightdesign.org>
    Steven Wilton <swilton@q-net.net.au>
    Steve Snyder <swsnyder@snydernet.net>
    Stewart Forster <slf@connect.com.au>
    Stuart Henderson <sthen@openbsd.org>
    Stuart Henderson <stu@spacehopper.org>
    Susant Sahani <ssahani@redhat.com>
    Sven Eisenberg <sven.eisenberg@lairdtech.com>
    Svenx <svensven@gmail.com>
    Taavi Talvik <taavi@uninet.ee>
    Takahiro Kambe <taca@back-street.net>
    Taketo Kabe <kabe@shiratori.riec.tohoku.ac.jp>
    tangqinghao <tangqinghao@360.cn>
    The Measurement Factory <info@measurement-factory.com>
    The Squid Software Foundation
    Thomas De Schampheleire <thomas.de.schampheleire@gmail.com>
    Thomas Hozza <thozza@redhat.com>
    Thomas-Martin Seck <tmseck@netcologne.de>
    Thomas Ristic <thr@bootet.net>
    Thomas Weber <x@4t2.com>
    Tianyin Xu <tixu@cs.ucsd.edu>
    Tilmann Bubeck <t.bubeck@reinform.de>
    Tim Brown <squid-cache@machine.org.uk>
    Timo Teras <timo.teras@iki.fi>
    Timo Tseras <timo.teras@iki.fi>
    Tim Starling <tstarling@wikimedia.org>
    Todd C. Miller <Todd.Miller@courtesan.com>
    Tomas Hozza <thozza@redhat.com>
    Tony Lorimer <tlorimer@au.mdis.com>
    Trever Adams <trever@middleearth.sapphiresunday.org>
    Tsantilas Christos <chtsanti@users.sourceforge.net>
    Unknown
    Unknown - Debian Project
    Unknown FreeBSD Contributor
    Unknown - NetBSD Project
    Vadim Aleksandrov <v.verdel@gmail.com>
    Various
    Various Translators
    Victor Jose Hernandez Gomez <vjhergom@cic.upo.es>
    Vince Brimhall
    Vincent Regnard
    Vitaliy Matytsyn (main) <vm@if.bank.gov.ua>
    Vitaliy Matytsyn <vm@if.bank.gov.ua>
    Vitaly Lavrov <vel21ripn@gmail.com>
    vollkommen <vollkommen@gmx.net>
    Walter <bundestrojaner2@googlemail.com>
    Wang DaQing <wdq@bigfoot.com>
    Warren Baker <warren@decoy.co.za>
    Wesha <wesha@iname.com>
    William Lima <william.lima@hscbrasil.com.br>
    Will Roberts <squid@bigwillystyle42.com>
    Wojciech Zatorski <zator@bg.szczecin.pl>
    Wojtek Sylwestrzak <W.Sylwestrzak@icm.edu.pl>
    Wolfgang Breyha <wbreyha@gmx.net>
    Wolfgang Nothdurft <wolfgang@linogate.de>
    Xavier Redon <xavier.redon@polytech-lille.fr>
    yabuki <yabuki@sraoss.co.jp>
    Yannick Bergeron <yaberger@ca.ibm.com>
    Yuhua Wu <ywu@bitglass.com>
    Yuriy M. Kaminskiy <yumkam@gmail.com>
    Zhanpeng Chen <lowstz@gmail.com>
